B01083,82,In-Text,59572,1.774,1
A04512,107,In-Text,12444,0.282,1
A06460,105,In-Text,12444,0.282,1
A72490,215,In-Text,61311,3.851,1
A03519,332,In-Text,61311,3.053,1
A08445,65,In-Text,61311,2.929,1
A08445,662,In-Text,61311,2.929,1
A05156,644,In-Text,61311,1.759,1
A09505,1164,In-Text,40134,9.037,1
A05152,33,In-Text,40134,8.966,1
A08560,71,In-Text,40134,8.535,1
A72490,624,In-Text,40134,8.463,1
A06508,9,In-Text,40134,8.178,1
A04510,75,In-Text,40134,7.795,1
A04598,271,In-Text,40134,7.721,1
A16698,136,In-Text,40134,7.589,1
A06532,166,In-Text,40134,7.395,1
A08560,162,In-Text,40134,7.395,1
A69147,339,In-Text,40134,7.324,1
A08560,197,In-Text,40134,7.222,1
A06532,203,In-Text,40134,7.222,1
A69147,446,In-Text,40134,7.196,1
A03519,613,In-Text,40134,7.179,1
A16698,1562,In-Text,40134,7.176,1
A08560,93,In-Text,40134,7.122,1
A06532,100,In-Text,40134,7.122,1
A16945,371,In-Text,40134,7.092,1
B01041,158,In-Text,40134,7.084,1
A16091,45,In-Text,3820,8.675,1
A16091,46,In-Text,3820,5.926,1
A21119,1097,In-Text,3820,1.818,1
A04510,176,In-Text,3820,1.547,1
A16091,75,In-Text,3820,1.376,1
A16091,46,In-Text,25135,7.906,1
A16091,45,In-Text,25135,4.662,1
A16091,83,In-Text,25135,4.421,1
A16091,82,In-Text,25135,3.821,1
A16091,135,In-Text,25135,3.744,1
A16091,47,In-Text,5952,8.891,1
A16091,48,In-Text,5952,1.961,1
A68350,218,In-Text,5952,1.923,1
A05397,220,In-Text,5952,1.923,1
A21119,2284,In-Text,5952,1.822,1
A07572,1019,In-Text,35269,6.204,1
A07572,2207,In-Text,35269,6.204,1
A16091,768,In-Text,35269,5.917,1
A07584,2772,In-Text,35269,4.742,1
A07572,1006,In-Text,35269,3.54,1
A07572,2194,In-Text,35269,3.54,1
A16091,795,In-Text,35269,3.439,1
A07584,2811,In-Text,35269,2.0,1
A72490,240,In-Text,22672,3.18,1
A14014,237,In-Text,22672,0.924,1
A04598,208,In-Text,22672,0.798,1
A03519,721,In-Text,22672,0.456,1
A09505,464,In-Text,25556,4.365,1
A11925,98,In-Text,25556,2.221,1
A68214,958,In-Text,25556,2.101,1
A17636,351,In-Text,25556,2.014,1
A00356,116,In-Text,25556,1.575,1
A11925,67,In-Text,25556,1.528,1
A14813,447,In-Text,25556,1.278,1
A14014,216,In-Text,25556,1.128,1
A21119,3860,In-Text,25556,0.468,1
A11925,204,In-Text,25556,0.411,1
A11925,55,In-Text,25556,0.308,1
A69147,36,In-Text,25556,0.203,1
A21119,3247,In-Text,25556,0.005,1
A14813,495,In-Text,40851,4.6,1
A16698,1027,In-Text,40851,0.52,1
A09505,246,In-Text,40851,0.246,1
A09505,1160,In-Text,70680,1.869,1
A16698,132,In-Text,70680,1.061,1
A68350,124,In-Text,44157,8.032,1
A05397,33,In-Text,44157,8.032,1
A05397,125,In-Text,44157,8.032,1
A68350,34,In-Text,44157,8.032,1
A16698,32,In-Text,44157,5.809,1
A05397,125,In-Text,56217,6.28,1
A68350,34,In-Text,56217,6.28,1
A68350,124,In-Text,56217,6.28,1
A05397,33,In-Text,56217,6.28,1
A68350,126,In-Text,56217,5.061,1
A16091,447,In-Text,3878,7.261,1
A03519,56,In-Text,3878,7.254,1
A16698,64,In-Text,3878,6.337,1
A16698,32,In-Text,3878,5.222,1
B00958,446,In-Text,3878,5.071,1
A68350,53,In-Text,46451,5.636,1
A16698,32,In-Text,46451,4.501,1
A03519,752,In-Text,46451,3.672,1
A02883,81,In-Text,46451,3.06,1
A02883,406,In-Text,46451,3.06,1
A03519,648,In-Text,22483,2.117,1
B00958,104,In-Text,22483,1.751,1
A00356,254,In-Text,22483,1.71,1
A06460,467,In-Text,22483,1.114,1
A16590,137,In-Text,22483,0.988,1
A21119,2396,In-Text,18679,4.657,1
A21119,2503,In-Text,18679,1.371,1
A22722,877,In-Text,18679,1.321,1
A21119,2504,In-Text,18679,0.641,1
A16590,307,In-Text,9466,2.902,1
A08445,724,In-Text,33549,8.282,1
A08444,523,In-Text,33549,8.282,1
A08445,127,In-Text,33549,8.282,1
A68214,802,In-Text,33549,8.124,1
A08444,671,In-Text,33549,7.257,1
A05142,1707,Note 0,33549,0.054,1
A09915,286,In-Text,61759,6.646,1
A03519,271,In-Text,61759,4.966,1
A04511,310,In-Text,61759,4.817,1
B01041,421,In-Text,61759,4.799,1
A03519,635,In-Text,61759,4.686,1
A19564,1408,In-Text,61759,4.159,1
A05152,154,In-Text,61759,3.889,1
A68325,126,In-Text,61759,3.801,1
A03519,353,In-Text,61759,3.726,1
B01041,448,In-Text,61759,3.693,1
A19564,1532,In-Text,61759,3.589,1
A03519,637,In-Text,61759,3.349,1
A16091,425,In-Text,61759,3.21,1
A72490,110,In-Text,61759,3.086,1
A05156,279,In-Text,61759,2.908,1
B01083,45,In-Text,61759,2.891,1
A19564,1527,In-Text,61759,2.872,1
A00769,187,In-Text,61759,2.848,1
A14014,478,In-Text,61759,2.743,1
A19564,1666,In-Text,61759,2.727,1
A06508,2,In-Text,48241,7.23,1
A68214,843,In-Text,48241,7.08,1
A19564,368,In-Text,48241,6.573,1
A06508,78,In-Text,48241,6.438,1
A06508,107,In-Text,48241,6.203,1
A06508,105,In-Text,48241,6.083,1
A11581,137,In-Text,48241,5.883,1
A09827,160,In-Text,48241,4.803,1
A05141,116,In-Text,48241,4.405,1
A03519,53,In-Text,48241,3.843,1
A06508,150,In-Text,48241,3.843,1
A02883,409,In-Text,48241,3.749,1
A02883,84,In-Text,48241,3.749,1
A06508,310,In-Text,48241,3.651,1
A09827,463,In-Text,48241,3.38,1
A05142,568,In-Text,48241,2.879,1
A05142,39,In-Text,48241,1.886,1
A00609,143,In-Text,48241,1.729,1
A19564,481,In-Text,48241,1.439,1
A06510,67,In-Text,48241,1.338,1
A03519,271,In-Text,31926,4.573,1
A09915,286,In-Text,31926,2.028,1
B01041,448,In-Text,31926,1.678,1
A16698,1165,In-Text,65022,8.715,1
A16698,583,In-Text,65022,8.531,1
A16698,1148,In-Text,65022,8.297,1
A16698,1377,In-Text,65022,6.585,1
A16698,1168,In-Text,65022,5.645,1
A16698,584,In-Text,56727,6.324,1
A16698,587,In-Text,56727,5.439,1
A09505,295,In-Text,56727,3.677,1
A16698,614,In-Text,56727,3.24,1
A09505,879,In-Text,56727,2.98,1
A19564,658,In-Text,51117,10.085,1
A68214,407,In-Text,51117,5.832,1
A22722,487,In-Text,51117,4.395,1
A08443,134,In-Text,51117,3.218,1
A06330,185,In-Text,51117,2.809,1
A03519,38,Note 0,51117,0.529,1
A19564,658,In-Text,59117,7.364,1
A68214,407,In-Text,59117,4.975,1
A19564,98,In-Text,59117,1.982,1
A02883,22,In-Text,59117,1.496,1
A02883,347,In-Text,59117,1.496,1
A09505,1061,In-Text,25000,9.36,1
A06330,971,In-Text,25000,9.018,1
A04511,228,In-Text,25000,6.065,1
A73502,26,In-Text,25000,5.442,1
A16087,33,In-Text,25000,5.442,1
A04511,228,In-Text,20732,5.768,1
A73502,65,In-Text,20732,4.809,1
A16087,75,In-Text,20732,4.809,1
A14354,189,In-Text,20732,4.185,1
B00958,581,In-Text,20732,4.107,1
A21119,2320,In-Text,47566,0.647,1
A16698,736,In-Text,25934,5.391,1
A21119,2685,In-Text,25934,5.312,1
A19564,293,In-Text,25934,4.903,1
A19564,1493,In-Text,25934,4.802,1
A05394,246,In-Text,25934,4.207,1
A00918,366,In-Text,59242,1.365,1
A00918,368,In-Text,59242,1.361,1
A00918,367,In-Text,59242,1.229,1
A04511,106,In-Text,20280,7.08,1
A14354,255,In-Text,20280,5.511,1
A05394,336,In-Text,20280,4.226,1
A08444,701,In-Text,20280,3.892,1
A08445,312,In-Text,20280,3.892,1
A16091,1429,In-Text,65342,4.564,1
A22722,421,In-Text,65342,4.266,1
A22723,400,In-Text,65342,4.266,1
A19734,220,In-Text,65342,2.931,1
A03519,589,In-Text,65342,2.4,1
A14014,541,In-Text,6646,1.36,1
A17636,0,In-Text,25456,8.664,1
A04598,159,In-Text,25456,5.762,1
A22722,563,In-Text,25456,5.157,1
A02883,257,In-Text,25456,4.46,1
A02883,582,In-Text,25456,4.46,1
A06329,118,Note 0,25456,1.342,1
A06329,62,Note 0,25456,0.315,1
A07572,922,In-Text,22686,3.15,1
A07572,2107,In-Text,22686,3.15,1
A07572,921,In-Text,22686,2.619,1
A07572,2106,In-Text,22686,2.619,1
A07572,840,In-Text,22686,1.18,1
A07584,3098,In-Text,62614,2.379,1
A03628,34,In-Text,5983,6.852,1
B00958,421,In-Text,5983,6.526,1
A16698,1280,In-Text,5983,6.526,1
A03519,755,In-Text,5983,5.549,1
A16698,372,In-Text,5983,5.281,1
A05142,2275,In-Text,54121,4.736,1
A19564,1114,In-Text,54121,3.952,1
A19564,1340,In-Text,54121,3.94,1
A06330,1003,In-Text,54121,3.846,1
A08442,119,In-Text,54121,3.771,1
A05142,2065,Note 0,54121,2.539,1
A06329,380,Note 0,54121,0.232,1
A05142,2070,Note 0,54121,0.23,1
A06329,482,Note 0,54121,0.07,1
A06764,83,In-Text,30303,2.385,1
A09505,521,In-Text,30303,1.473,1
A09505,1046,In-Text,30303,1.111,1
A72490,244,In-Text,30303,0.853,1
A14813,491,In-Text,30303,0.696,1
A02883,527,In-Text,51618,3.107,1
A02883,202,In-Text,51618,3.107,1
A04924,98,In-Text,51618,0.39,1
A04924,103,In-Text,51618,0.327,1
A16091,235,In-Text,51618,0.247,1
A22722,3,In-Text,640,8.625,1
A19564,82,In-Text,640,8.54,1
A19564,7,In-Text,640,8.51,1
A19564,16,In-Text,640,8.216,1
A68350,69,In-Text,640,7.363,1
A06532,94,Note 0,640,1.836,1
A07572,2,In-Text,22346,0.659,1
A07572,1182,In-Text,22346,0.659,1
A04511,335,In-Text,7099,3.011,1
A21119,3501,In-Text,23696,1.899,1
A14354,106,In-Text,23696,0.748,1
A05142,1534,In-Text,23696,0.747,1
A08445,409,In-Text,23696,0.22,1
A08445,1006,In-Text,23696,0.22,1
A21119,404,In-Text,21764,5.258,1
B01041,426,In-Text,21764,3.337,1
A05142,1090,In-Text,21764,3.328,1
A04511,57,In-Text,21764,2.263,1
A16698,83,In-Text,21764,2.143,1
A07584,1391,In-Text,69984,4.484,1
A06532,194,In-Text,69984,3.849,1
A08560,188,In-Text,69984,3.849,1
A22722,563,In-Text,69984,3.43,1
A06532,177,In-Text,69984,3.339,1
A06532,177,Note 0,69984,2.197,1
A04511,23,In-Text,21185,6.912,1
A09505,1288,In-Text,21185,5.969,1
A69147,520,In-Text,6125,1.923,1
A03519,846,In-Text,6125,1.227,1
A16698,1554,In-Text,6125,0.993,1
A06329,131,In-Text,6125,0.74,1
A07572,30,In-Text,6125,0.703,1
A04924,24,In-Text,19113,7.831,1
A69147,316,In-Text,19113,5.101,2
A16698,228,In-Text,19113,5.662,1
A69147,520,In-Text,19113,5.654,1
A05142,822,Note 0,19113,0.059,1
A16091,1375,In-Text,47214,4.0,1
A21119,3301,In-Text,47214,1.426,1
A16091,1376,In-Text,47214,0.97,1
A72490,264,In-Text,47214,0.461,1
A16091,71,In-Text,61995,5.63,1
A22722,636,In-Text,7847,4.58,1
A22723,600,In-Text,7847,4.372,1
A16590,73,In-Text,7847,4.246,1
A02883,25,In-Text,7847,3.064,1
A02883,350,In-Text,7847,3.064,1
B01083,341,In-Text,7847,2.634,1
A21119,3062,In-Text,7847,2.241,1
B01041,430,In-Text,7847,2.076,1
A21119,3040,In-Text,7847,2.051,1
A21252,319,In-Text,7847,1.697,1
A21252,671,In-Text,7847,1.697,1
A19564,923,In-Text,7847,1.659,1
A06764,449,In-Text,7847,1.641,1
A16698,435,In-Text,7847,1.587,1
A21119,25,In-Text,7847,1.337,1
A22722,195,In-Text,7847,1.318,1
A22723,166,In-Text,7847,1.318,1
A05394,167,In-Text,7847,1.285,1
A04512,163,In-Text,7847,1.24,1
A02882,134,In-Text,7847,1.215,1
A07584,3050,In-Text,59395,4.897,1
A21119,2316,In-Text,59395,3.517,1
A21119,63,In-Text,59395,3.314,1
A08463,12,In-Text,59395,3.01,1
A16590,348,In-Text,59395,1.985,1
A19564,1163,In-Text,59395,1.964,1
A05156,442,In-Text,59395,1.961,1
A02882,34,In-Text,59395,1.739,1
A00918,216,In-Text,59395,1.734,1
A05394,20,In-Text,59395,1.448,1
A07572,796,In-Text,59395,1.017,1
A07572,1980,In-Text,59395,1.017,1
A08463,26,In-Text,59395,1.001,1
A00771,405,In-Text,59395,0.767,1
A05142,2162,In-Text,59395,0.679,1
A04511,190,In-Text,59395,0.548,1
A09827,202,In-Text,59395,0.478,1
A19143,162,In-Text,59395,0.309,1
A07572,1789,In-Text,59395,0.075,1
A07572,605,In-Text,59395,0.075,1
A02882,179,In-Text,26600,0.902,2
A21119,2756,In-Text,26600,1.254,1
A07584,451,In-Text,26600,0.895,1
A22722,107,In-Text,26600,0.73,1
B00958,149,In-Text,4738,5.121,1
A08444,817,In-Text,4738,4.3,1
A08445,431,In-Text,4738,4.3,1
A08445,1029,In-Text,4738,4.3,1
A22722,298,In-Text,4738,2.091,1
A09827,358,In-Text,20537,1.055,1
A16091,4,In-Text,20537,0.235,1
A16091,4,In-Text,28666,8.405,1
A16091,11,In-Text,28666,3.414,1
A16091,28,In-Text,28666,2.562,1
A16698,312,In-Text,28666,1.72,1
A16698,289,In-Text,28666,1.184,1
A19734,186,In-Text,34303,2.319,1
A16698,573,In-Text,13944,4.786,1
B00958,351,In-Text,13944,4.267,1
A08445,716,In-Text,13944,4.043,1
A08444,515,In-Text,13944,4.043,1
A08445,119,In-Text,13944,4.043,1
A06329,118,Note 0,13944,0.163,1
A02882,207,In-Text,3601,4.904,1
A19564,861,In-Text,3601,4.696,1
A09915,85,In-Text,3601,4.533,1
B00958,157,In-Text,3601,4.531,1
A00918,294,In-Text,3601,4.503,1
A06329,796,Note 0,3601,2.538,1
A05142,1300,In-Text,28439,6.817,1
A68214,1438,In-Text,28439,6.597,1
B01083,322,In-Text,28439,5.496,1
A03628,114,In-Text,28439,3.883,1
B00958,147,In-Text,28439,3.545,1
A03519,195,In-Text,28439,2.635,1
A11581,169,In-Text,28439,2.352,1
A19564,861,In-Text,28439,1.459,1
A06764,201,In-Text,28439,1.126,1
A06460,426,In-Text,28439,1.032,1
A21119,2900,In-Text,28439,0.978,1
A06764,341,In-Text,28439,0.717,1
A16698,1574,In-Text,28439,0.463,1
B00958,150,In-Text,28439,0.386,1
A21119,379,In-Text,37451,5.186,1
A05158,203,In-Text,37451,2.836,1
A06329,282,In-Text,56061,7.639,1
A00918,163,In-Text,56061,6.528,1
A00918,176,In-Text,56061,5.591,1
A03519,997,In-Text,56061,4.849,1
A04924,28,In-Text,56061,3.953,1
A09505,642,In-Text,56061,3.113,1
A03519,416,In-Text,56061,0.956,1
A05141,113,In-Text,56061,0.401,1
A06330,409,In-Text,56061,0.397,1
B01083,340,In-Text,56061,0.043,1
A72490,604,In-Text,71319,4.99,1
A21119,174,In-Text,71319,4.661,1
A06520,150,In-Text,71319,4.653,1
A69147,509,In-Text,71319,3.536,1
A21119,2961,In-Text,71319,3.534,1
A16698,738,In-Text,71319,3.155,1
A21119,2346,In-Text,71319,2.765,1
A09827,252,In-Text,71319,2.72,1
A02882,207,In-Text,71319,2.719,1
A22722,353,In-Text,71319,2.577,1
A22723,331,In-Text,71319,2.531,1
A21119,3710,In-Text,71319,2.436,1
A68350,213,In-Text,71319,2.36,1
A05397,215,In-Text,71319,2.36,1
A09915,18,In-Text,71319,2.247,1
A16091,1373,In-Text,71319,2.136,1
A09915,85,In-Text,71319,1.928,1
A69147,128,In-Text,71319,1.905,1
A21119,1557,In-Text,71319,1.807,1
A16091,1095,In-Text,71319,1.736,1
A02882,45,In-Text,71319,1.616,1
A22722,89,In-Text,71319,1.61,1
B00958,421,In-Text,71319,1.585,1
A22723,52,In-Text,71319,1.565,1
A68350,8,In-Text,71319,1.495,1
A06330,21,In-Text,60681,0.297,1
B01041,170,In-Text,70563,0.866,1
A16091,1246,In-Text,70563,0.412,1
A07260,113,In-Text,67849,0.401,1
A16091,558,In-Text,67849,0.401,1
A04598,58,In-Text,67849,0.401,1
B00958,573,In-Text,67849,0.155,1
A16091,174,In-Text,67849,0.001,1
A05394,3,In-Text,63262,2.235,1
A14014,146,In-Text,63262,1.141,1
A06510,194,In-Text,63262,1.126,1
A06764,13,In-Text,63262,0.996,1
A06330,186,In-Text,63262,0.786,1
A07584,2852,In-Text,18763,3.034,1
A16698,309,In-Text,18763,3.024,1
A16698,312,In-Text,18763,1.325,1
A08463,82,In-Text,18763,1.198,1
A06520,1,In-Text,18763,0.967,1
A16698,309,In-Text,55538,6.516,1
B01041,418,In-Text,55538,3.606,1
A02882,268,In-Text,55538,0.921,1
A06520,1,In-Text,55538,0.792,1
A16698,265,In-Text,55538,0.263,1
B00958,468,In-Text,30771,0.464,1
A73502,12,In-Text,30771,0.025,1
A16087,18,In-Text,30771,0.025,1
A14354,55,In-Text,44438,9.399,1
A05394,402,In-Text,44438,4.275,1
A07584,1229,In-Text,44438,1.771,1
A07584,1357,In-Text,44438,1.209,1
A14354,57,In-Text,44438,0.384,1
A14354,55,In-Text,34004,9.627,1
A21119,3715,In-Text,34004,6.148,1
A05142,928,In-Text,34004,5.811,1
A21252,378,In-Text,34004,3.496,1
A21252,730,In-Text,34004,3.496,1
A21252,239,In-Text,56135,3.032,1
A21252,591,In-Text,56135,3.032,1
A16091,1118,In-Text,56135,0.788,1
A05142,2037,Note 0,56135,3.179,1
A05156,451,In-Text,51771,5.598,1
A14354,34,In-Text,51771,2.126,1
A14354,318,In-Text,51771,2.126,1
A22722,402,In-Text,51771,1.767,1
A22723,379,In-Text,51771,1.767,1
A00609,112,In-Text,53224,5.711,1
A68214,25,In-Text,53224,0.394,1
A21252,439,In-Text,52130,4.586,1
A21252,791,In-Text,52130,4.586,1
A05156,4,In-Text,52130,3.497,1
A05142,905,In-Text,52130,1.979,1
A09827,236,In-Text,52130,1.37,1
A05394,341,In-Text,35865,4.571,1
A05394,34,In-Text,35865,4.245,1
B01083,327,In-Text,35865,3.562,1
B01041,409,In-Text,35865,3.326,1
A14014,459,In-Text,35865,2.724,1
A00918,239,In-Text,38249,5.604,1
B00958,153,In-Text,38249,5.034,1
A21119,1509,In-Text,38249,3.921,1
A17636,168,In-Text,38249,2.398,1
A19564,882,In-Text,38249,2.225,1
A06508,294,In-Text,43211,7.253,1
A06508,4,In-Text,43211,7.218,1
A68214,592,In-Text,43211,6.855,1
A06508,315,In-Text,43211,5.033,1
A06508,316,In-Text,43211,4.588,1
A19564,371,In-Text,60239,3.635,1
A19564,345,In-Text,60239,1.275,1
A19564,372,In-Text,60239,0.699,1
A19564,374,In-Text,60239,0.508,1
A19564,344,In-Text,60239,0.46,1
A09505,513,In-Text,13830,5.579,1
A19564,1641,In-Text,13830,4.045,1
A14014,241,In-Text,13830,1.773,1
A19564,1547,In-Text,13830,1.287,1
A16091,1403,In-Text,13830,1.094,1
A08445,529,In-Text,1565,6.683,1
A08445,1127,In-Text,1565,6.683,1
A08444,913,In-Text,1565,6.652,1
A09505,432,In-Text,1565,4.756,1
A21119,3690,In-Text,1565,4.289,1
A04598,210,In-Text,57542,4.287,1
A21252,227,In-Text,57542,3.743,1
A21252,579,In-Text,57542,3.743,1
A19734,219,In-Text,57542,2.78,1
A05141,42,In-Text,57542,2.453,1
B01083,16,In-Text,12191,4.802,1
B01083,335,In-Text,12191,4.546,1
A19564,315,In-Text,12191,1.66,1
A06510,160,In-Text,54603,4.24,1
A19734,235,In-Text,54603,3.996,1
A22723,419,In-Text,54603,3.929,1
A06510,9,In-Text,54603,3.502,1
A06510,124,In-Text,54603,3.109,1
A08445,454,In-Text,54603,2.921,1
A08445,1052,In-Text,54603,2.921,1
A06508,142,In-Text,54603,2.76,1
A02883,26,In-Text,54603,2.593,1
A02883,351,In-Text,54603,2.593,1
A68214,670,In-Text,54603,2.435,1
A21119,2666,In-Text,54603,2.361,1
A11925,273,In-Text,54603,2.041,1
A09505,932,In-Text,54603,1.968,1
A02883,25,In-Text,54603,1.903,1
A02883,350,In-Text,54603,1.903,1
A09505,767,In-Text,54603,1.816,1
A02883,302,In-Text,54603,1.783,1
A02883,627,In-Text,54603,1.783,1
A08444,748,In-Text,54603,1.778,1
A17636,217,In-Text,35791,0.921,1
A16698,640,In-Text,54921,3.218,1
A00392,1,In-Text,57138,6.158,1
A16091,1349,In-Text,57138,4.859,1
A16091,1345,In-Text,57138,4.859,1
A16091,771,In-Text,57138,4.64,1
A07584,2677,In-Text,57138,4.345,1
A03519,477,In-Text,35646,4.087,1
A16590,40,In-Text,35646,3.66,1
A72490,86,In-Text,35646,2.78,1
A16091,398,In-Text,35646,2.463,1
A06508,465,In-Text,35646,2.383,1
A16698,1459,In-Text,42502,8.111,1
A05142,569,In-Text,42502,6.646,1
A11925,57,In-Text,42502,6.248,1
A72490,435,In-Text,42502,6.208,1
A06329,470,In-Text,42502,5.909,1
A72490,297,In-Text,5333,4.173,1
A16698,854,In-Text,5333,3.993,1
A16698,1516,In-Text,5333,3.731,1
B01041,402,In-Text,5333,3.727,1
A16698,639,In-Text,5333,3.471,1
A15556,3,In-Text,31899,6.507,1
B00958,573,In-Text,31899,4.421,1
A16091,700,In-Text,31899,2.186,1
A16091,558,In-Text,31899,1.995,1
A04598,58,In-Text,31899,1.995,1
A16091,562,In-Text,24898,5.273,1
A16091,1248,In-Text,24898,4.887,1
A69147,166,In-Text,24898,4.644,1
A16091,771,In-Text,24898,4.606,1
A16091,616,In-Text,24898,4.401,1
A16698,512,In-Text,24898,4.213,1
A16091,810,In-Text,24898,4.108,1
A08444,827,In-Text,24898,4.07,1
A08445,440,In-Text,24898,4.07,1
A08445,1038,In-Text,24898,4.07,1
A16698,612,In-Text,24898,4.043,1
B00958,473,In-Text,24898,4.039,1
A69147,95,In-Text,24898,4.001,1
B00958,470,In-Text,24898,4.001,1
A16698,1627,In-Text,24898,3.992,1
A16698,1243,In-Text,24898,3.894,1
A16091,671,In-Text,24898,3.709,1
A16698,858,In-Text,24898,3.709,1
B01083,292,In-Text,24898,3.548,1
A72490,195,In-Text,24898,3.453,1
A05156,323,In-Text,63709,5.524,1
A21119,3894,In-Text,63709,4.024,1
A19564,561,In-Text,63709,3.265,1
A08444,111,In-Text,63709,1.341,1
A00918,219,In-Text,63709,1.059,1
A00356,779,In-Text,14732,8.8,1
A14813,137,In-Text,27702,7.337,1
A06329,399,In-Text,27702,7.199,1
A06508,678,In-Text,27702,6.899,1
B01041,399,In-Text,27702,6.81,1
A21119,1053,In-Text,27702,6.578,1
A05142,964,Note 0,27702,0.76,1
A72490,99,In-Text,34806,6.048,1
A72490,183,In-Text,34806,6.048,1
A69147,166,In-Text,34806,4.568,1
A16091,965,In-Text,34806,4.391,1
A16698,290,In-Text,34806,4.391,1
A14813,495,In-Text,65776,3.635,1
A05158,387,In-Text,65776,1.688,1
A11925,325,In-Text,65776,1.306,1
A22723,466,In-Text,65776,1.064,1
A21119,2608,In-Text,65776,0.831,1
A69147,101,In-Text,29639,2.619,1
B00958,507,In-Text,29639,2.568,1
A73502,54,In-Text,29639,2.528,1
A21119,1257,In-Text,29639,2.373,2
A69147,202,In-Text,29639,2.292,1
A09827,362,In-Text,29639,2.187,1
A21119,2104,In-Text,29639,2.174,1
A21119,2853,In-Text,29639,2.017,1
A14014,329,In-Text,29639,1.999,1
A00769,33,In-Text,29639,1.894,1
A21119,3984,In-Text,29639,1.894,1
A21119,3943,In-Text,29639,1.838,1
A21119,1897,In-Text,29639,1.706,1
A16087,63,In-Text,29639,1.618,1
A14014,274,In-Text,29639,1.504,1
A14014,300,In-Text,29639,1.502,1
A69147,192,In-Text,29639,1.481,1
A69147,248,In-Text,29639,1.476,1
A14014,307,In-Text,29639,1.427,1
A06329,171,Note 0,29639,0.548,1
A06329,242,In-Text,68271,1.126,1
A00771,306,In-Text,51629,3.472,1
A21119,1608,In-Text,51629,3.216,1
A16091,887,In-Text,51629,2.303,1
B01083,11,In-Text,51629,2.289,1
A16087,14,In-Text,51629,2.201,1
A68214,22,In-Text,51629,2.105,1
A21119,943,In-Text,51629,2.101,1
A09505,34,In-Text,51629,1.925,1
A09505,166,In-Text,51629,1.816,1
A07584,760,In-Text,51629,0.997,1
A22722,545,In-Text,51629,0.856,1
A68214,51,In-Text,51629,0.81,1
A16091,758,In-Text,51629,0.21,1
A00392,9,In-Text,51629,0.013,1
A09915,92,Note 0,51629,0.706,1
A16091,547,In-Text,39356,5.663,1
A17636,19,In-Text,39356,0.591,1
A03519,113,In-Text,39356,0.581,1
B00958,83,In-Text,39356,0.581,1
A16698,649,In-Text,69778,3.589,1
A16033,31,In-Text,69778,2.821,1
A09505,997,In-Text,69778,2.697,1
A22722,634,In-Text,69778,2.314,1
A16091,1181,In-Text,69778,2.199,1
A16091,1181,In-Text,26769,5.537,1
A14354,77,In-Text,26769,4.601,1
A03519,317,In-Text,26769,2.616,1
A16698,172,In-Text,26769,1.329,1
A00356,465,In-Text,26769,1.218,1
A05390,146,In-Text,50235,2.185,1
A21252,367,In-Text,50235,2.185,1
A21252,719,In-Text,50235,2.185,1
A04511,187,In-Text,50235,1.864,1
A08444,47,In-Text,50235,1.826,1
A05156,423,In-Text,50943,2.793,1
A05390,254,In-Text,50943,2.282,1
A06508,153,In-Text,50943,1.716,1
A06508,164,In-Text,50943,1.538,1
A68214,283,In-Text,50943,1.027,1
B01041,324,In-Text,2726,5.634,1
A22723,457,In-Text,2726,4.915,1
A04598,67,In-Text,2726,4.651,1
A22722,327,In-Text,2726,3.113,1
A22723,304,In-Text,2726,3.113,1
A04598,262,In-Text,14963,5.473,1
B00958,682,In-Text,14963,4.784,1
A16698,287,In-Text,14963,3.787,1
A21119,127,In-Text,14963,2.783,1
A08445,923,In-Text,14963,2.489,1
A09505,456,Note 0,14963,0.479,1
A69147,499,In-Text,6521,2.074,1
A16698,179,In-Text,6521,2.074,1
A69147,395,In-Text,6521,1.425,1
A22722,410,In-Text,6521,1.368,1
A22723,389,In-Text,6521,1.368,1
A21119,169,In-Text,44192,7.232,1
A21119,1386,In-Text,44192,3.547,2
A16698,1517,In-Text,44192,5.579,1
A16091,1051,In-Text,44192,5.011,1
A21119,169,In-Text,15563,9.323,1
A05152,117,In-Text,15563,7.996,1
A05152,106,In-Text,15563,7.613,1
A16091,453,In-Text,15563,7.267,1
A00771,192,In-Text,15563,6.304,1
A05142,1717,Note 0,15563,2.859,1
A05142,666,Note 0,15563,1.103,1
B00958,252,In-Text,34407,0.067,1
A16091,248,In-Text,36742,4.653,1
A06508,136,In-Text,36742,2.569,1
A05141,47,In-Text,36742,0.492,1
A03519,54,In-Text,36742,0.285,1
A08444,390,In-Text,59434,2.997,1
A08442,118,In-Text,59434,2.888,1
A14813,403,In-Text,59434,1.266,1
A14813,551,In-Text,59434,0.804,1
A16091,249,In-Text,59434,0.6,1
A21119,3328,In-Text,61257,0.282,1
A69147,251,In-Text,61257,0.103,1
A07584,1032,In-Text,61257,0.063,1
A16945,322,In-Text,62667,4.092,1
A00356,176,In-Text,62667,2.601,1
A00789,320,In-Text,62667,2.198,1
A16945,19,In-Text,62667,2.129,1
A07584,482,In-Text,62667,1.798,1
A19564,1054,In-Text,36313,2.466,1
A16091,515,In-Text,36313,2.021,1
A19564,1217,In-Text,36313,1.162,1
A22722,882,In-Text,36313,0.986,1
A04511,6,In-Text,36313,0.329,1
A14813,342,In-Text,28252,3.212,1
A14813,19,In-Text,28252,2.843,1
A21119,2279,In-Text,28252,2.0,1
A03519,631,In-Text,28252,1.057,1
A03634,33,In-Text,28252,0.697,1
A00789,392,In-Text,28252,0.433,1
A09505,851,In-Text,28252,0.048,1
A03519,312,In-Text,19152,5.614,1
A19735,69,In-Text,19152,5.601,1
A06460,378,In-Text,19152,5.601,1
A03519,306,In-Text,19152,5.508,1
B00958,237,In-Text,19152,5.503,1
A21119,1400,In-Text,37530,3.324,1
A08444,592,In-Text,37530,2.91,1
A08444,653,In-Text,37530,2.194,1
A08445,266,In-Text,37530,2.194,1
A08445,863,In-Text,37530,2.194,1
B00958,638,In-Text,21980,3.604,1
A00356,300,In-Text,21980,3.373,1
A07572,637,In-Text,21980,3.273,1
A07572,1821,In-Text,21980,3.273,1
A21119,1881,In-Text,21980,2.935,1
A16091,503,In-Text,56627,3.94,1
A21119,1294,In-Text,56627,3.881,1
A68214,53,In-Text,56627,3.597,1
A21119,1393,In-Text,56627,3.52,1
A16698,344,In-Text,56627,3.474,1
A21119,3182,In-Text,66310,4.718,1
A08560,236,In-Text,66310,4.491,1
A07584,101,In-Text,66310,3.6,1
A08442,69,In-Text,66310,1.589,1
A08444,290,In-Text,66310,1.235,1
A05152,8,In-Text,41827,4.008,1
A05394,333,In-Text,41827,1.894,1
A21119,3367,In-Text,41827,1.681,1
A04510,58,In-Text,41827,0.403,1
A22722,196,In-Text,41827,0.378,1
A00918,416,In-Text,13296,1.795,1
A05152,8,In-Text,13296,1.23,2
A05152,35,In-Text,13296,1.734,1
A16091,172,In-Text,13296,0.459,1
A14354,55,In-Text,22269,2.733,1
A16091,481,In-Text,31385,4.443,1
A16091,271,In-Text,31385,4.286,1
A16091,293,In-Text,31385,3.802,1
A16091,445,In-Text,31385,3.639,1
A16698,1062,In-Text,31385,3.449,1
A09915,56,In-Text,18008,2.844,1
A16698,147,In-Text,18008,1.368,1
A68350,40,In-Text,18008,0.666,1
A05397,40,In-Text,18008,0.666,1
A16698,89,In-Text,14835,2.771,1
A72490,97,In-Text,14835,1.89,1
A72490,110,In-Text,14835,1.882,1
A11925,57,In-Text,14835,0.198,1
A05156,649,In-Text,14835,0.136,1
A21119,1281,In-Text,26060,3.529,1
A19564,1430,In-Text,26060,2.754,1
A19734,209,In-Text,26060,2.613,1
A08050,4,In-Text,26060,2.49,1
A03519,808,In-Text,26060,2.412,1
A03519,503,In-Text,65271,1.059,1
B00958,237,In-Text,65271,0.983,1
A21119,15,In-Text,65271,0.824,1
A08442,18,In-Text,65271,0.301,1
A08050,5,In-Text,65271,0.166,1
A06330,378,In-Text,6595,2.21,1
A06330,375,In-Text,6595,1.22,1
A06330,374,In-Text,6595,1.216,1
A19564,819,In-Text,6595,1.169,1
A00769,12,In-Text,6595,0.252,1
A06330,10,In-Text,36877,1.418,1
A22723,113,In-Text,4409,6.948,1
A00771,488,In-Text,4409,6.918,1
A16091,457,In-Text,4409,6.726,1
A03628,34,In-Text,4409,6.418,1
A16698,1280,In-Text,4409,6.318,1
A16091,696,In-Text,3703,3.117,1
A16698,1099,In-Text,3703,1.485,1
A14354,144,In-Text,3703,1.188,1
A19564,1241,In-Text,3703,0.208,1
A09505,1164,In-Text,34745,5.757,1
A05152,33,In-Text,34745,5.749,1
A08560,71,In-Text,34745,5.338,1
A04510,75,In-Text,34745,4.454,1
A06508,9,In-Text,34745,4.414,1
A06329,127,In-Text,46186,4.225,1
A05142,2046,In-Text,46186,3.121,1
A06532,120,In-Text,46186,3.074,1
A08560,111,In-Text,46186,3.074,1
A14014,203,In-Text,46186,1.536,1
A04924,259,In-Text,62458,2.417,1
A04924,40,In-Text,62458,1.492,1
A06329,252,In-Text,62458,0.604,1
A21119,1103,In-Text,62458,0.556,1
A22722,465,In-Text,62458,0.295,1
A08444,523,In-Text,26900,0.704,1
A08445,127,In-Text,26900,0.418,1
A08445,724,In-Text,26900,0.418,1
A05142,1678,In-Text,7286,0.407,1
A09915,167,In-Text,60619,1.953,1
A09505,1003,In-Text,60619,0.672,1
A14813,81,In-Text,60619,0.56,1
A19564,1617,In-Text,60619,0.25,1
A16091,214,In-Text,67897,2.874,1
A06329,789,In-Text,67897,2.251,1
A06329,434,In-Text,67897,0.291,1
A19735,58,In-Text,15107,2.546,1
A06460,366,In-Text,15107,2.546,1
A69147,360,In-Text,15107,2.431,1
A03519,550,In-Text,15107,1.389,1
A21119,210,In-Text,15107,1.14,1
A08443,155,In-Text,15107,0.955,1
A02882,50,In-Text,15107,0.895,1
A06532,131,In-Text,15107,0.775,1
A17636,535,In-Text,15107,0.756,1
A02882,46,In-Text,15107,0.712,1
A07584,1857,In-Text,15107,0.694,1
A05394,17,In-Text,15107,0.685,1
A08443,154,In-Text,15107,0.416,1
A07584,1799,In-Text,15107,0.329,1
A07572,796,In-Text,15107,0.203,1
A07572,1980,In-Text,15107,0.203,1
A06532,89,In-Text,15107,0.159,1
A08445,687,In-Text,15107,0.125,1
A08445,90,In-Text,15107,0.125,1
A00771,1,In-Text,15107,0.006,1
A06329,150,Note 0,15107,0.703,1
A07584,1749,In-Text,3059,7.069,1
A05141,80,In-Text,3059,5.248,1
A05156,403,In-Text,3059,3.89,1
A05142,614,In-Text,3059,2.833,1
A68214,368,In-Text,3059,2.398,1
A07584,3286,In-Text,3059,2.04,1
A04924,352,In-Text,3059,1.094,1
A05142,1054,In-Text,3059,0.739,1
B01041,426,In-Text,3059,0.699,1
A08560,43,In-Text,3059,0.597,1
A06532,39,In-Text,3059,0.597,1
A03519,132,In-Text,3059,0.374,1
A68350,235,In-Text,3059,0.071,1
A05397,237,In-Text,3059,0.071,1
B00958,100,In-Text,3059,0.065,1
A03519,597,In-Text,3059,0.065,1
A02882,120,In-Text,3059,0.024,1
A15556,138,In-Text,3059,0.013,1
A16590,331,In-Text,40750,5.015,1
A02883,25,In-Text,40750,2.804,1
A02883,350,In-Text,40750,2.804,1
A03519,197,In-Text,40750,1.815,1
A16698,1203,In-Text,40750,1.562,1
A05141,30,In-Text,58804,5.033,1
A19564,384,In-Text,58804,4.123,1
A05141,53,In-Text,58804,3.494,1
A03519,553,In-Text,58804,3.248,1
A05141,58,In-Text,58804,3.031,1
B00958,643,In-Text,11439,10.036,1
A09915,345,In-Text,11439,4.641,1
A00918,103,In-Text,11439,4.25,1
A03519,363,In-Text,11439,3.526,1
A21119,124,In-Text,11439,3.343,1
A16698,1023,In-Text,11439,3.214,1
A14014,468,In-Text,11439,3.206,1
A69147,459,In-Text,11439,3.175,1
A03519,1156,In-Text,11439,3.151,1
A16366,23,In-Text,11439,3.113,1
A03519,202,In-Text,11439,3.064,1
A21119,3440,In-Text,11439,2.96,1
A09505,198,In-Text,11439,2.942,1
A16091,1362,In-Text,11439,2.701,1
A04511,326,In-Text,11439,2.471,1
A16366,20,In-Text,11439,2.407,1
A72490,607,In-Text,11439,2.369,1
A08445,36,In-Text,11439,2.226,1
A08445,633,In-Text,11439,2.226,1
A03519,178,In-Text,11439,2.102,1
A16698,552,Note 0,11439,3.918,1
B00958,643,In-Text,22871,5.554,2
A03519,809,In-Text,22871,7.497,1
A07260,62,In-Text,22871,6.855,1
A07260,80,In-Text,22871,6.855,1
A21119,2756,In-Text,22871,6.609,1
A16698,118,In-Text,22871,6.517,1
A21119,3267,In-Text,22871,6.36,1
A16091,920,In-Text,22871,6.014,1
A00918,548,In-Text,22871,6.012,1
A05390,37,In-Text,22871,6.012,1
A16698,942,In-Text,22871,5.87,1
A08444,917,In-Text,22871,5.627,1
A08445,533,In-Text,22871,5.627,1
A08445,1131,In-Text,22871,5.627,1
A06330,490,In-Text,22871,5.328,1
A21119,2258,In-Text,22871,5.038,1
A09505,31,In-Text,22871,4.969,1
A21119,1200,In-Text,22871,4.726,1
A00918,318,In-Text,22871,4.67,1
A06329,175,Note 0,22871,2.702,1
A69147,198,In-Text,66721,4.795,1
A16698,1627,In-Text,66721,4.561,1
A16698,370,In-Text,66721,4.316,1
A00769,254,In-Text,66721,4.243,1
B00958,198,In-Text,66721,3.793,1
A21119,1782,In-Text,38737,8.07,1
A19564,1272,In-Text,38737,7.524,1
A14813,423,In-Text,38737,7.178,1
A14813,159,In-Text,38737,4.491,1
A19564,514,In-Text,38737,4.132,1
A04511,307,In-Text,27215,7.39,1
A73502,65,In-Text,27215,6.914,1
A16087,75,In-Text,27215,6.914,1
A06329,727,In-Text,27215,5.89,1
A21119,1284,In-Text,27215,5.649,1
A06508,644,In-Text,27215,5.633,1
A06508,643,In-Text,27215,5.241,1
A09505,1169,In-Text,27215,5.174,1
A04511,346,In-Text,27215,5.015,1
A19564,1073,In-Text,27215,5.001,1
A16366,15,In-Text,27215,4.977,1
A04511,282,In-Text,27215,4.925,1
B00958,581,In-Text,27215,4.875,1
A06508,627,In-Text,27215,4.666,1
A16091,1436,In-Text,27215,4.569,1
A73502,35,In-Text,27215,4.558,1
A16091,1435,In-Text,27215,4.533,1
A02883,77,In-Text,27215,4.237,1
A02883,402,In-Text,27215,4.237,1
A04511,290,In-Text,27215,4.163,1
A21119,1290,In-Text,19525,6.402,1
A21119,1399,In-Text,19525,5.237,1
A21119,1284,In-Text,19525,4.894,1
A03519,814,In-Text,19525,4.649,1
A09505,518,In-Text,19525,4.593,1
A14354,132,In-Text,19525,4.326,1
A04512,211,In-Text,19525,4.177,1
A04598,6,In-Text,19525,3.549,1
A04598,163,In-Text,19525,3.339,1
A21119,1281,In-Text,19525,2.714,1
A09505,1242,In-Text,19525,2.674,1
A03519,808,In-Text,19525,2.529,1
A16698,1111,In-Text,19525,2.518,1
A00609,133,In-Text,19525,2.29,1
A00771,308,In-Text,19525,2.103,1
A19735,138,In-Text,19525,1.999,1
A06460,450,In-Text,19525,1.999,1
A09505,995,In-Text,19525,1.837,1
A04924,362,In-Text,19525,1.658,1
A68350,259,In-Text,19525,1.632,1
A21119,991,In-Text,38032,9.501,1
A06508,599,In-Text,38032,7.991,1
A16590,175,In-Text,38032,7.757,1
A02883,127,In-Text,38032,6.983,1
A02883,452,In-Text,38032,6.983,1
A11925,238,In-Text,38032,6.785,1
A00918,194,In-Text,38032,6.74,1
A19564,1033,In-Text,38032,6.576,1
A19564,1027,In-Text,38032,6.371,1
A07584,2603,In-Text,38032,5.855,1
A19564,1109,In-Text,38032,5.769,1
A16033,10,In-Text,38032,5.674,1
A00918,148,In-Text,38032,5.61,1
B00958,4,In-Text,38032,5.57,1
A02882,237,In-Text,38032,5.55,1
A19564,148,In-Text,38032,5.425,1
A19564,1042,In-Text,38032,5.345,1
A02882,235,In-Text,38032,5.152,1
A00356,335,In-Text,38032,5.077,1
A06508,607,In-Text,38032,5.013,1
A16698,116,In-Text,38032,4.942,1
A21119,1006,In-Text,38032,4.764,1
A19564,427,In-Text,38032,4.757,1
A06329,127,In-Text,38032,4.727,1
A19564,909,In-Text,38032,4.605,1
A19564,148,In-Text,37661,6.541,1
A07584,2603,In-Text,37661,6.364,1
A00918,170,In-Text,37661,5.936,1
A08463,98,In-Text,37661,5.621,1
A00918,174,In-Text,37661,5.571,1
A21119,989,In-Text,37661,4.973,1
A09915,266,In-Text,37661,4.846,1
A08444,264,In-Text,37661,4.743,1
A16590,175,In-Text,37661,4.622,1
A19564,156,In-Text,37661,4.467,1
A21119,991,In-Text,37661,4.325,1
A22722,945,In-Text,37661,4.207,1
A08444,937,In-Text,37661,4.14,1
B00958,4,In-Text,37661,3.845,1
A14014,89,In-Text,37661,3.831,1
A19564,1025,In-Text,37661,3.796,1
A06508,599,In-Text,37661,3.59,1
A21119,966,In-Text,37661,3.419,1
A05156,380,In-Text,37661,3.304,1
A08444,816,In-Text,37661,3.164,1
A09915,276,In-Text,37661,3.126,1
A16698,382,In-Text,37661,3.097,1
A19564,152,In-Text,37661,3.096,1
A00918,194,In-Text,37661,3.074,1
A19564,1024,In-Text,37661,2.868,1
A17223,26,In-Text,47085,8.972,1
A21119,543,In-Text,47085,6.499,1
A21119,541,In-Text,47085,6.057,1
A21119,1579,In-Text,47085,5.033,1
A21119,2316,In-Text,47085,3.729,1
A16091,202,In-Text,51901,8.018,1
A06764,445,In-Text,51901,7.778,1
A06764,215,In-Text,51901,7.658,1
A06764,446,In-Text,51901,7.459,1
A06508,688,In-Text,51901,7.328,1
A17223,25,In-Text,1568,8.394,1
A72490,286,In-Text,1568,2.823,1
A21119,1440,In-Text,1568,1.876,1
A21119,2036,In-Text,1568,1.605,1
A16945,375,In-Text,1568,1.053,1
A17223,25,In-Text,71086,6.579,2
A06330,261,In-Text,71086,7.073,1
A06532,203,In-Text,71086,6.965,1
A16091,1470,In-Text,71086,5.556,1
A17223,25,In-Text,36506,8.23,1
A02883,92,In-Text,36506,7.8,1
A02883,417,In-Text,36506,7.8,1
A21119,883,In-Text,36506,7.441,1
A06508,75,In-Text,36506,7.269,1
A06329,125,Note 0,36506,2.278,1
A69147,198,In-Text,22172,2.427,1
A16091,562,In-Text,22172,1.679,1
A16091,671,In-Text,22172,1.661,1
A16698,858,In-Text,22172,1.661,1
A16091,1248,In-Text,22172,1.478,1
A07584,251,In-Text,54201,1.494,1
A22722,201,In-Text,21112,2.221,1
A09827,389,In-Text,21112,2.028,1
A06329,143,In-Text,21112,1.693,1
A06329,436,In-Text,21112,0.892,1
A22723,176,In-Text,21112,0.54,1
A21119,1280,In-Text,14356,5.942,1
B01041,300,In-Text,14356,2.629,1
B01041,301,In-Text,14356,2.363,1
A21119,1291,In-Text,14356,2.153,1
B01041,288,In-Text,14356,1.753,1
A16698,1502,In-Text,6729,6.19,1
A21119,1913,In-Text,6729,3.24,1
B00958,364,In-Text,6729,3.039,1
A11925,156,In-Text,6729,2.381,1
B00958,240,In-Text,6729,2.247,1
A69147,570,In-Text,33212,3.571,1
B00958,273,In-Text,33212,3.15,1
A06508,514,In-Text,33212,3.127,1
A03519,537,In-Text,33212,3.055,1
A69147,470,In-Text,33212,2.416,1
B00958,69,In-Text,48699,3.883,1
A05394,382,In-Text,48699,1.307,1
A05394,50,In-Text,48699,0.437,1
A14354,170,In-Text,48699,0.358,1
A16698,879,In-Text,48699,0.304,1
A07584,753,In-Text,10366,3.647,1
A06532,88,In-Text,10366,2.958,1
A21119,210,In-Text,10366,2.613,1
A08560,80,In-Text,10366,1.922,1
A02882,102,In-Text,10366,1.371,1
A06764,211,In-Text,34495,5.194,1
A68214,1514,In-Text,34495,4.399,1
A06764,69,In-Text,34495,3.552,1
A68350,209,In-Text,34495,2.906,1
A05397,210,In-Text,34495,2.906,1
A19734,180,In-Text,54014,5.867,1
A72490,439,In-Text,54014,5.703,1
A22722,146,In-Text,54014,5.686,1
A22723,113,In-Text,54014,5.513,1
A22722,370,In-Text,54014,4.976,1
A14354,182,In-Text,19231,2.039,1
A14014,128,In-Text,19231,0.504,1
A06532,24,In-Text,57135,8.759,1
A00771,79,In-Text,57135,7.94,1
A22722,878,In-Text,57135,7.508,1
A16698,260,In-Text,57135,7.312,1
A00771,94,In-Text,57135,6.992,1
A16698,1335,In-Text,61007,7.887,1
A06508,29,In-Text,61007,2.905,1
A19734,100,In-Text,61007,2.526,1
A09915,235,In-Text,61007,2.248,1
A21119,3694,In-Text,61007,1.656,1
A08442,45,In-Text,50440,4.546,1
A19734,100,In-Text,50440,4.493,1
A16091,526,In-Text,50440,4.189,1
A02663,92,In-Text,50440,4.144,1
A22722,550,In-Text,50440,3.956,1
A06532,24,In-Text,21767,5.109,1
A07584,421,In-Text,21767,3.755,1
A07584,430,In-Text,21767,3.516,1
A07584,435,In-Text,21767,3.252,1
A05141,13,In-Text,21767,3.192,1
A17223,25,In-Text,28911,3.83,1
A16698,737,In-Text,28911,3.096,1
A17223,25,In-Text,44740,7.043,1
A21252,709,In-Text,44740,3.426,1
A21252,357,In-Text,44740,3.426,1
A16091,722,In-Text,44740,2.802,1
A05158,74,In-Text,44740,2.802,1
A14813,423,In-Text,10573,8.408,1
A05142,1723,In-Text,10573,7.166,1
A19564,1272,In-Text,10573,6.977,1
A21119,1782,In-Text,10573,6.602,1
A00393,24,In-Text,10573,3.819,1
A16698,1072,In-Text,20077,7.791,1
A16091,562,In-Text,20077,7.61,1
A16698,1255,In-Text,20077,7.607,1
A16698,1079,In-Text,20077,7.494,1
A16091,616,In-Text,20077,7.367,1
B01041,427,In-Text,44093,5.89,1
A21119,1422,In-Text,44093,5.654,1
A00918,76,In-Text,44093,4.015,1
A14014,510,In-Text,44093,3.042,1
A03628,147,In-Text,44093,2.654,1
A21119,988,In-Text,40227,7.272,1
A02663,33,In-Text,40227,5.126,1
A03519,802,In-Text,40227,4.228,1
A05142,2207,In-Text,40227,4.014,1
A16698,726,In-Text,40227,3.803,1
A17636,0,In-Text,68946,8.686,1
A04598,159,In-Text,68946,5.629,1
A22722,563,In-Text,68946,5.348,1
A02883,257,In-Text,68946,4.819,1
A02883,582,In-Text,68946,4.819,1
A06329,118,Note 0,68946,2.073,1
A06329,62,Note 0,68946,1.943,1
A21119,2346,In-Text,12117,4.414,1
A08444,255,In-Text,12117,4.373,1
B00958,631,In-Text,12117,4.159,1
B01083,47,In-Text,12117,3.735,1
A00356,203,In-Text,12117,3.661,1
B00958,3,In-Text,4957,5.251,1
A06460,379,In-Text,4957,3.764,1
A06532,88,In-Text,4957,3.253,1
A19564,82,In-Text,4957,2.38,1
A02883,240,In-Text,4957,2.292,1
A00771,79,In-Text,51554,8.067,1
A21119,3796,In-Text,51554,7.21,1
A06532,24,In-Text,51554,5.543,1
A16698,260,In-Text,51554,4.513,1
A02663,34,In-Text,51554,4.393,1
A21119,1104,In-Text,20833,1.748,1
A07584,181,In-Text,20833,0.914,1
A21119,1105,In-Text,20833,0.449,1
A03519,1007,In-Text,20833,0.339,1
A21119,1103,In-Text,20833,0.093,1
A16698,263,In-Text,70324,4.55,1
A69147,164,In-Text,70324,4.514,1
A69147,369,In-Text,70324,4.338,1
A16091,965,In-Text,70324,4.338,1
A16698,290,In-Text,70324,4.338,1
A16945,397,In-Text,23912,6.065,1
A68214,47,In-Text,23912,5.807,1
A06520,174,In-Text,23912,3.76,1
A09505,1228,In-Text,23912,3.485,1
A21119,3802,In-Text,23912,3.24,1
A16590,217,In-Text,23912,2.557,1
A16945,190,In-Text,23912,2.529,1
A19734,173,In-Text,23912,2.393,1
A68214,1385,In-Text,23912,2.369,1
A22722,406,In-Text,23912,2.342,1
A22723,385,In-Text,23912,2.342,1
B00958,449,In-Text,23912,2.338,1
A68214,424,In-Text,23912,2.136,1
A05394,17,In-Text,23912,2.13,1
A68214,284,In-Text,23912,1.98,1
A21119,885,In-Text,23912,1.869,1
A05141,44,In-Text,23912,1.708,1
A05141,30,In-Text,23912,1.643,1
A22723,210,In-Text,23912,1.553,1
A05142,685,In-Text,23912,1.543,1
A02882,230,In-Text,30838,2.55,1
A08444,288,In-Text,30838,2.478,1
A08442,40,In-Text,30838,2.451,1
A02882,242,In-Text,30838,2.313,1
A21119,975,In-Text,30838,2.095,1
